[{"snippet": {"thumbnails": {"medium": {"url": "https://i.ytimg.com/vi/u7s3YJzq8XY/mqdefault.jpg", "height": 180, "width": 320}, "standard": {"url": "https://i.ytimg.com/vi/u7s3YJzq8XY/sddefault.jpg", "height": 480, "width": 640}, "default": {"url": "https://i.ytimg.com/vi/u7s3YJzq8XY/default.jpg", "height": 90, "width": 120}, "maxres": {"url": "https://i.ytimg.com/vi/u7s3YJzq8XY/maxresdefault.jpg", "height": 720, "width": 1280}, "high": {"url": "https://i.ytimg.com/vi/u7s3YJzq8XY/hqdefault.jpg", "height": 360, "width": 480}}, "categoryId": "10", "localized": {"description": "Official video for Fais & Afrojack \u2013 Used To Have It All\n\nUsed To Have It All Buy link: http://afrojack.lnk.to/UTHIA\n\nFacebook: http://www.facebook.com/faismusicworld\nTwitter: http://www.twitter.com/faismusic\nVEVO: http://www.vevo.com/artist/fais\nInstagram: http://www.instagram.com/faismusic\nSnapchat: faismusic \n\nWebsite: http://www.afrojack.com \nFacebook: http://www.facebook.com/djafrojack \nTwitter: http://www.twitter.com/afrojack \nVEVO: http://www.vevo.com/artist/afrojack\nSoundcloud: http://www.soundcloud.com/afrojack \nInstagram: http://www.instagram.com/afrojack \nSnapchat: https://www.snapchat.com/add/Afrojack\n\nhttp://vevo.ly/gj59DM", "title": "Fais & Afrojack - Used To Have It All (Official Video)"}, "channelTitle": "AfrojackVEVO", "tags": ["Fais", "Afrojack", "Used", "To", "Have", "It", "All", "Universal", "Music", "Dance"], "description": "Official video for Fais & Afrojack \u2013 Used To Have It All\n\nUsed To Have It All Buy link: http://afrojack.lnk.to/UTHIA\n\nFacebook: http://www.facebook.com/faismusicworld\nTwitter: http://www.twitter.com/faismusic\nVEVO: http://www.vevo.com/artist/fais\nInstagram: http://www.instagram.com/faismusic\nSnapchat: faismusic \n\nWebsite: http://www.afrojack.com \nFacebook: http://www.facebook.com/djafrojack \nTwitter: http://www.twitter.com/afrojack \nVEVO: http://www.vevo.com/artist/afrojack\nSoundcloud: http://www.soundcloud.com/afrojack \nInstagram: http://www.instagram.com/afrojack \nSnapchat: https://www.snapchat.com/add/Afrojack\n\nhttp://vevo.ly/gj59DM", "publishedAt": "2016-10-14T07:00:01.000Z", "channelId": "UChuZAo1RKL85gev3Eal9_zg", "title": "Fais & Afrojack - Used To Have It All (Official Video)", "liveBroadcastContent": "none"}, "etag": "\"sZ5p5Mo8dPpfIzLYQBF8QIQJym0/eyqOfaVzkRhwb0_OHm4ptwGjWt4\"", "statistics": {"favoriteCount": "0", "dislikeCount": "1499", "commentCount": "1482", "likeCount": "71097", "viewCount": "6788061"}, "id": "u7s3YJzq8XY", "kind": "youtube#video"}, {"snippet": {"thumbnails": {"medium": {"url": "https://i.ytimg.com/vi/HVGzOg333CI/mqdefault.jpg", "height": 180, "width": 320}, "standard": {"url": "https://i.ytimg.com/vi/HVGzOg333CI/sddefault.jpg", "height": 480, "width": 640}, "default": {"url": "https://i.ytimg.com/vi/HVGzOg333CI/default.jpg", "height": 90, "width": 120}, "maxres": {"url": "https://i.ytimg.com/vi/HVGzOg333CI/maxresdefault.jpg", "height": 720, "width": 1280}, "high": {"url": "https://i.ytimg.com/vi/HVGzOg333CI/hqdefault.jpg", "height": 360, "width": 480}}, "categoryId": "24", "localized": {"description": "4U treedt voor het eerst op in hun uiteindelijke samenstelling: Luca, Tiago, Toon en Jaimy. Ze knallen van het podium met hun eigen single.\n\nTHE NEXT BOY/GIRL BAND | ELKE VRIJDAG OM 20.30 | SBS6\n\nVOLG ONS OP SOCIAL MEDIA\nInstagram :: http://instagram.com/thenextboygirlband\nFacebook :: http://facebook.com/thenextboygirlband\nWebsite :: http://sbs6.nl/thenextboygirlband\n\nVOLG DE BANDS\nBOYS :: http://instagram.com/nextboyband\nGIRLS :: http://instagram.com/nextgirlband", "title": "DIT IS 4U MET 'BITTER TASTE' \u2013 The Next Boy/Girl Band"}, "channelTitle": "The Next Boy/Girl Band", "tags": ["The Next Boy/Girl Band", "Boy Band", "Girl Band", "Boyband", "Girlband", "SBS6", "audities", "playback", "dans", "dance", "looks", "zingen", "performance", "Tim Douwsma", "Nicolette van Dam", "Nick Schilder", "Nick en Simon", "Sharon Doorson", "Pip Pellens", "Tony van de Berkt", "John Ewbank", "Babette Labeij", "Blonde Tigers", "Elise", "Vita"], "description": "4U treedt voor het eerst op in hun uiteindelijke samenstelling: Luca, Tiago, Toon en Jaimy. Ze knallen van het podium met hun eigen single.\n\nTHE NEXT BOY/GIRL BAND | ELKE VRIJDAG OM 20.30 | SBS6\n\nVOLG ONS OP SOCIAL MEDIA\nInstagram :: http://instagram.com/thenextboygirlband\nFacebook :: http://facebook.com/thenextboygirlband\nWebsite :: http://sbs6.nl/thenextboygirlband\n\nVOLG DE BANDS\nBOYS :: http://instagram.com/nextboyband\nGIRLS :: http://instagram.com/nextgirlband", "publishedAt": "2016-10-14T20:53:07.000Z", "channelId": "UCvr8KpVXM88kruI2ngtjOmA", "title": "DIT IS 4U MET 'BITTER TASTE' \u2013 The Next Boy/Girl Band", "liveBroadcastContent": "none"}, "etag": "\"sZ5p5Mo8dPpfIzLYQBF8QIQJym0/jb7UZdXH-GB4BI0jrxdJGjTCD0Q\"", "statistics": {"favoriteCount": "0", "dislikeCount": "22", "commentCount": "299", "likeCount": "1094", "viewCount": "118407"}, "id": "HVGzOg333CI", "kind": "youtube#video"}, {"snippet": {"thumbnails": {"medium": {"url": "https://i.ytimg.com/vi/Y5w3Dvtw3Ps/mqdefault.jpg", "height": 180, "width": 320}, "standard": {"url": "https://i.ytimg.com/vi/Y5w3Dvtw3Ps/sddefault.jpg", "height": 480, "width": 640}, "default": {"url": "https://i.ytimg.com/vi/Y5w3Dvtw3Ps/default.jpg", "height": 90, "width": 120}, "maxres": {"url": "https://i.ytimg.com/vi/Y5w3Dvtw3Ps/maxresdefault.jpg", "height": 720, "width": 1280}, "high": {"url": "https://i.ytimg.com/vi/Y5w3Dvtw3Ps/hqdefault.jpg", "height": 360, "width": 480}}, "categoryId": "10", "localized": {"description": "Music: \u2018Sorry\u2019, taken from the album \u2018Control\u2019\n\nBuy, download or listen here: https://umusicnl.lnk.to/KensingtonControl\n \nFacebook \u2013 https://www.facebook.com/kensingtonband\nTwitter \u2013 https://twitter.com/kensingtonband\nInstagram \u2013 https://www.instagram.com/kensingtonband/\nWebsite \u2013 http://www.kensingtonband.com/\n \nP&C 2016 Kensington Records, under exclusive license to Universal Music BV\n\nLyrics\nSorry for the road that I won\u2019t take\nFor the words that I won\u2019t say\nFor the love that I won\u2019t give\n\nSorry for the heart that I won\u2019t show\nFor the lengths that I won\u2019t go\nFor the life that you won\u2019t live\n\nSorry that I opened up my arms\nYou would never reach in time \nBefore they closed again\n\nYou will forget\nAnd I won\u2019t remember it\nWhen all I ever did was race in circles\nYou will forget \nAnd all there\u2019s left will be\nA faded memory\nA dream you woke up from\n\nSorry for the oath that I won\u2019t take\nFor the vows that I will break\nFor the role that I won\u2019t play\n\nSorry that I\u2019m raising up my walls\nAnd whenever you reached over\nYou are thrown back to the start\n\nYou will forget\nAnd I won\u2019t remember it\nWhen all I ever did was race in circles\nYou will forget \nAnd all there\u2019s left will be\nA faded memory\nA dream you woke up from\n\nFrom the colour I would bring\nTo ending up again\nOpening darkness \nI wanted to hold you back from\n\nhttp://vevo.ly/b7IUoO", "title": "Kensington - Sorry (official audio)"}, "channelTitle": "KensingtonVEVO", "tags": ["Kensington", "Sorry", "Universal", "Music", "Rock"], "description": "Music: \u2018Sorry\u2019, taken from the album \u2018Control\u2019\n\nBuy, download or listen here: https://umusicnl.lnk.to/KensingtonControl\n \nFacebook \u2013 https://www.facebook.com/kensingtonband\nTwitter \u2013 https://twitter.com/kensingtonband\nInstagram \u2013 https://www.instagram.com/kensingtonband/\nWebsite \u2013 http://www.kensingtonband.com/\n \nP&C 2016 Kensington Records, under exclusive license to Universal Music BV\n\nLyrics\nSorry for the road that I won\u2019t take\nFor the words that I won\u2019t say\nFor the love that I won\u2019t give\n\nSorry for the heart that I won\u2019t show\nFor the lengths that I won\u2019t go\nFor the life that you won\u2019t live\n\nSorry that I opened up my arms\nYou would never reach in time \nBefore they closed again\n\nYou will forget\nAnd I won\u2019t remember it\nWhen all I ever did was race in circles\nYou will forget \nAnd all there\u2019s left will be\nA faded memory\nA dream you woke up from\n\nSorry for the oath that I won\u2019t take\nFor the vows that I will break\nFor the role that I won\u2019t play\n\nSorry that I\u2019m raising up my walls\nAnd whenever you reached over\nYou are thrown back to the start\n\nYou will forget\nAnd I won\u2019t remember it\nWhen all I ever did was race in circles\nYou will forget \nAnd all there\u2019s left will be\nA faded memory\nA dream you woke up from\n\nFrom the colour I would bring\nTo ending up again\nOpening darkness \nI wanted to hold you back from\n\nhttp://vevo.ly/b7IUoO", "publishedAt": "2016-10-27T22:15:01.000Z", "channelId": "UCZIVbV2HOPTsqxo6KXU_5pA", "title": "Kensington - Sorry (official audio)", "liveBroadcastContent": "none"}, "etag": "\"sZ5p5Mo8dPpfIzLYQBF8QIQJym0/VuBzAupI8x9MnurcM2ebQdda5SA\"", "statistics": {"favoriteCount": "0", "dislikeCount": "7", "commentCount": "50", "likeCount": "649", "viewCount": "40830"}, "id": "Y5w3Dvtw3Ps", "kind": "youtube#video"}]