[{"etag": "\"sZ5p5Mo8dPpfIzLYQBF8QIQJym0/PxBlKpOCV17lmmPkjFTH1kueoVk\"", "statistics": {"commentCount": "1703", "dislikeCount": "1953", "viewCount": "9939639", "favoriteCount": "0", "likeCount": "90630"}, "snippet": {"liveBroadcastContent": "none", "description": "Official video for Fais & Afrojack \u2013 Used To Have It All\n\nUsed To Have It All Buy link: http://afrojack.lnk.to/UTHIA\n\nFacebook: http://www.facebook.com/faismusicworld\nTwitter: http://www.twitter.com/faismusic\nVEVO: http://www.vevo.com/artist/fais\nInstagram: http://www.instagram.com/faismusic\nSnapchat: faismusic \n\nWebsite: http://www.afrojack.com \nFacebook: http://www.facebook.com/djafrojack \nTwitter: http://www.twitter.com/afrojack \nVEVO: http://www.vevo.com/artist/afrojack\nSoundcloud: http://www.soundcloud.com/afrojack \nInstagram: http://www.instagram.com/afrojack \nSnapchat: https://www.snapchat.com/add/Afrojack\n\nhttp://vevo.ly/gj59DM", "categoryId": "10", "thumbnails": {"high": {"url": "https://i.ytimg.com/vi/u7s3YJzq8XY/hqdefault.jpg", "width": 480, "height": 360}, "maxres": {"url": "https://i.ytimg.com/vi/u7s3YJzq8XY/maxresdefault.jpg", "width": 1280, "height": 720}, "medium": {"url": "https://i.ytimg.com/vi/u7s3YJzq8XY/mqdefault.jpg", "width": 320, "height": 180}, "standard": {"url": "https://i.ytimg.com/vi/u7s3YJzq8XY/sddefault.jpg", "width": 640, "height": 480}, "default": {"url": "https://i.ytimg.com/vi/u7s3YJzq8XY/default.jpg", "width": 120, "height": 90}}, "localized": {"title": "Fais & Afrojack - Used To Have It All (Official Video)", "description": "Official video for Fais & Afrojack \u2013 Used To Have It All\n\nUsed To Have It All Buy link: http://afrojack.lnk.to/UTHIA\n\nFacebook: http://www.facebook.com/faismusicworld\nTwitter: http://www.twitter.com/faismusic\nVEVO: http://www.vevo.com/artist/fais\nInstagram: http://www.instagram.com/faismusic\nSnapchat: faismusic \n\nWebsite: http://www.afrojack.com \nFacebook: http://www.facebook.com/djafrojack \nTwitter: http://www.twitter.com/afrojack \nVEVO: http://www.vevo.com/artist/afrojack\nSoundcloud: http://www.soundcloud.com/afrojack \nInstagram: http://www.instagram.com/afrojack \nSnapchat: https://www.snapchat.com/add/Afrojack\n\nhttp://vevo.ly/gj59DM"}, "tags": ["Fais", "Afrojack", "Used", "To", "Have", "It", "All", "Universal", "Music", "Dance"], "title": "Fais & Afrojack - Used To Have It All (Official Video)", "channelId": "UChuZAo1RKL85gev3Eal9_zg", "channelTitle": "AfrojackVEVO", "publishedAt": "2016-10-14T07:00:01.000Z"}, "kind": "youtube#video", "id": "u7s3YJzq8XY"}, {"etag": "\"sZ5p5Mo8dPpfIzLYQBF8QIQJym0/WqWJysS4oKdF1PUnHf-qI3DpzBg\"", "statistics": {"commentCount": "322", "dislikeCount": "37", "viewCount": "155515", "favoriteCount": "0", "likeCount": "1224"}, "snippet": {"liveBroadcastContent": "none", "description": "4U treedt voor het eerst op in hun uiteindelijke samenstelling: Luca, Tiago, Toon en Jaimy. Ze knallen van het podium met hun eigen single.\n\nTHE NEXT BOY/GIRL BAND | ELKE VRIJDAG OM 20.30 | SBS6\n\nVOLG ONS OP SOCIAL MEDIA\nInstagram :: http://instagram.com/thenextboygirlband\nFacebook :: http://facebook.com/thenextboygirlband\nWebsite :: http://sbs6.nl/thenextboygirlband\n\nVOLG DE BANDS\nBOYS :: http://instagram.com/nextboyband\nGIRLS :: http://instagram.com/nextgirlband", "categoryId": "24", "thumbnails": {"high": {"url": "https://i.ytimg.com/vi/HVGzOg333CI/hqdefault.jpg", "width": 480, "height": 360}, "maxres": {"url": "https://i.ytimg.com/vi/HVGzOg333CI/maxresdefault.jpg", "width": 1280, "height": 720}, "medium": {"url": "https://i.ytimg.com/vi/HVGzOg333CI/mqdefault.jpg", "width": 320, "height": 180}, "standard": {"url": "https://i.ytimg.com/vi/HVGzOg333CI/sddefault.jpg", "width": 640, "height": 480}, "default": {"url": "https://i.ytimg.com/vi/HVGzOg333CI/default.jpg", "width": 120, "height": 90}}, "localized": {"title": "DIT IS 4U MET 'BITTER TASTE' \u2013 The Next Boy/Girl Band", "description": "4U treedt voor het eerst op in hun uiteindelijke samenstelling: Luca, Tiago, Toon en Jaimy. Ze knallen van het podium met hun eigen single.\n\nTHE NEXT BOY/GIRL BAND | ELKE VRIJDAG OM 20.30 | SBS6\n\nVOLG ONS OP SOCIAL MEDIA\nInstagram :: http://instagram.com/thenextboygirlband\nFacebook :: http://facebook.com/thenextboygirlband\nWebsite :: http://sbs6.nl/thenextboygirlband\n\nVOLG DE BANDS\nBOYS :: http://instagram.com/nextboyband\nGIRLS :: http://instagram.com/nextgirlband"}, "tags": ["The Next Boy/Girl Band", "Boy Band", "Girl Band", "Boyband", "Girlband", "SBS6", "audities", "playback", "dans", "dance", "looks", "zingen", "performance", "Tim Douwsma", "Nicolette van Dam", "Nick Schilder", "Nick en Simon", "Sharon Doorson", "Pip Pellens", "Tony van de Berkt", "John Ewbank", "Babette Labeij", "Blonde Tigers", "Elise", "Vita"], "title": "DIT IS 4U MET 'BITTER TASTE' \u2013 The Next Boy/Girl Band", "channelId": "UCvr8KpVXM88kruI2ngtjOmA", "channelTitle": "The Next Boy/Girl Band", "publishedAt": "2016-10-14T20:53:07.000Z"}, "kind": "youtube#video", "id": "HVGzOg333CI"}, {"etag": "\"sZ5p5Mo8dPpfIzLYQBF8QIQJym0/PMW7ocKQSg2oJWdKE6rs4iY9EnU\"", "statistics": {"commentCount": "132", "dislikeCount": "24", "viewCount": "179833", "favoriteCount": "0", "likeCount": "1442"}, "snippet": {"liveBroadcastContent": "none", "description": "Music: \u2018Sorry\u2019, taken from the album \u2018Control\u2019\n\nBuy, download or listen here: https://umusicnl.lnk.to/KensingtonControl\n \nFacebook \u2013 https://www.facebook.com/kensingtonband\nTwitter \u2013 https://twitter.com/kensingtonband\nInstagram \u2013 https://www.instagram.com/kensingtonband/\nWebsite \u2013 http://www.kensingtonband.com/\n \nP&C 2016 Kensington Records, under exclusive license to Universal Music BV\n\nLyrics\nSorry for the road that I won\u2019t take\nFor the words that I won\u2019t say\nFor the love that I won\u2019t give\n\nSorry for the heart that I won\u2019t show\nFor the lengths that I won\u2019t go\nFor the life that you won\u2019t live\n\nSorry that I opened up my arms\nYou would never reach in time \nBefore they closed again\n\nYou will forget\nAnd I won\u2019t remember it\nWhen all I ever did was race in circles\nYou will forget \nAnd all there\u2019s left will be\nA faded memory\nA dream you woke up from\n\nSorry for the oath that I won\u2019t take\nFor the vows that I will break\nFor the role that I won\u2019t play\n\nSorry that I\u2019m raising up my walls\nAnd whenever you reached over\nYou are thrown back to the start\n\nYou will forget\nAnd I won\u2019t remember it\nWhen all I ever did was race in circles\nYou will forget \nAnd all there\u2019s left will be\nA faded memory\nA dream you woke up from\n\nFrom the colour I would bring\nTo ending up again\nOpening darkness \nI wanted to hold you back from\n\nhttp://vevo.ly/b7IUoO", "categoryId": "10", "thumbnails": {"high": {"url": "https://i.ytimg.com/vi/Y5w3Dvtw3Ps/hqdefault.jpg", "width": 480, "height": 360}, "maxres": {"url": "https://i.ytimg.com/vi/Y5w3Dvtw3Ps/maxresdefault.jpg", "width": 1280, "height": 720}, "medium": {"url": "https://i.ytimg.com/vi/Y5w3Dvtw3Ps/mqdefault.jpg", "width": 320, "height": 180}, "standard": {"url": "https://i.ytimg.com/vi/Y5w3Dvtw3Ps/sddefault.jpg", "width": 640, "height": 480}, "default": {"url": "https://i.ytimg.com/vi/Y5w3Dvtw3Ps/default.jpg", "width": 120, "height": 90}}, "localized": {"title": "Kensington - Sorry (official audio)", "description": "Music: \u2018Sorry\u2019, taken from the album \u2018Control\u2019\n\nBuy, download or listen here: https://umusicnl.lnk.to/KensingtonControl\n \nFacebook \u2013 https://www.facebook.com/kensingtonband\nTwitter \u2013 https://twitter.com/kensingtonband\nInstagram \u2013 https://www.instagram.com/kensingtonband/\nWebsite \u2013 http://www.kensingtonband.com/\n \nP&C 2016 Kensington Records, under exclusive license to Universal Music BV\n\nLyrics\nSorry for the road that I won\u2019t take\nFor the words that I won\u2019t say\nFor the love that I won\u2019t give\n\nSorry for the heart that I won\u2019t show\nFor the lengths that I won\u2019t go\nFor the life that you won\u2019t live\n\nSorry that I opened up my arms\nYou would never reach in time \nBefore they closed again\n\nYou will forget\nAnd I won\u2019t remember it\nWhen all I ever did was race in circles\nYou will forget \nAnd all there\u2019s left will be\nA faded memory\nA dream you woke up from\n\nSorry for the oath that I won\u2019t take\nFor the vows that I will break\nFor the role that I won\u2019t play\n\nSorry that I\u2019m raising up my walls\nAnd whenever you reached over\nYou are thrown back to the start\n\nYou will forget\nAnd I won\u2019t remember it\nWhen all I ever did was race in circles\nYou will forget \nAnd all there\u2019s left will be\nA faded memory\nA dream you woke up from\n\nFrom the colour I would bring\nTo ending up again\nOpening darkness \nI wanted to hold you back from\n\nhttp://vevo.ly/b7IUoO"}, "tags": ["Kensington", "Sorry", "Universal", "Music", "Rock"], "title": "Kensington - Sorry (official audio)", "channelId": "UCZIVbV2HOPTsqxo6KXU_5pA", "channelTitle": "KensingtonVEVO", "publishedAt": "2016-10-27T22:15:01.000Z"}, "kind": "youtube#video", "id": "Y5w3Dvtw3Ps"}, {"etag": "\"sZ5p5Mo8dPpfIzLYQBF8QIQJym0/9FT0mtDx6dKUNOHOip3yC4ruRIw\"", "statistics": {"commentCount": "6596", "dislikeCount": "3062", "viewCount": "14282861", "favoriteCount": "0", "likeCount": "198592"}, "snippet": {"liveBroadcastContent": "none", "description": "Download or stream now at: https://lnk.to/Rockabye\n\nHere is the official video for our new single 'Rockabye' featuring Sean Paul & Anne-Marie - out now.\n\nClick here to subscribe: http://bit.ly/SubscribeToCleanBandit\n\nFollow us:\nWebsite: http://cleanbandit.co.uk/\nFacebook: http://www.facebook.com/cleanbandit \nTwitter: http://www.twitter.com/cleanbandit \nInstagram: http://instagram.com/cleanbandit\nSoundcloud: http://www.soundcloud.com/cleanbandit\nSpotify: http://www.atlre.co.uk/CleanBanditSpotify\n\nDIRECTOR: Grace Chatto\nDIRECTOR: Jack Patterson\nCOMMISSIONER: Dan Curwin\nEXECUTIVE PRODUCER: Claire Stubbs\nPRODUCER: Amber Millington\nPRODUCTION MANAGER: Lucy Rogers\nPRODUCTION ASSISTANT: Theo Cassels\nPRODUCTION RUNNERS: Tabby O\u2019 Neil/Joe Browne/Martine Skogsta\n\nDOP: Anna Patarakina\nDOP: Darya Geller\n1st AC: Thomas Nicholson\n2nd AC: William Gardner\n2nd AC: Chris Rogers\n1st AD: Ezra Sumner\n2nd AD: Sam Breslin\nDATA WRANGLER (DIT): Chris Day\nCAMERA CAR: Nick Rogers\nSTEADICAM: Josh Brooks\nGAFFER: Rik Burnell\nELECTRICIANS:\nVincent Edwards\nRyan Monteith\nMark Stuart\nART DIRECTOR: Maz Staruch\nART DIRECTORS ASSISTANT: Hannah Sharp\nSTYLIST (Clean Bandit): Aimee Croysdill\nSTYLING ASSISTANT (Clean Bandit): Sophie Shapland\nMAKE UP ARTIST (Clean Bandit): Lucy Pearson\nMUA (CLEAN BANDIT): Elaine Lynskey\nHAIR (Clean Bandit): Narad Kutowaroo\nHAIR ASSISTANT: Michelle Burke\nSTYLIST (Sean Paul & Extras): Jaime Jarvis\nMAKE UP (Extras & Cast): Kaleigh O'Donovan\nSTYLIST (Anne Marie): Jeanie Annan-lewin\nHAIR (Anne Marie): Cinta\nMAKE UP ARTIST (Anne Marie): Maria Asadi\n\nEdit: Final Cut London\nEditor: Nikki Porter\nEdit Assistant: Mike Radforth\nEdit Producers: Laura Harris and Frankie Elster\nVFX/Grade: MPC London\nVFX Team: Danit Klibansky/Byron Woofinden/Bevis Jones\n\nColourist: Eva Pomposo\nVFX Producer: Edwin Elkington\n\nDancers:\nSiriana Mecca (trainer)\nRita Maria Conte (dancer)\nNife agunbiade\nAlicja Blachut\nJoanne Elizz\n\nPRODUCTION: SPAIN\n\nProducer Sur Film: Laura M. Diez \nProduction Manager: Eduard Rabasco \nLocation Manager: Leila Cherifi \nUK crew Driver: Agus Fracarossi \nSpanish Crew Driver: Fabian Kr\u00e4mer \nBand & stylist Driver: Sergi Suarez \nFocus Puller: Antonio Urquijo \nDATA: Pablo de Val \nCamera Truck Driver: Joaquin Calles\nMake Up: Alba Pesas\nPilot: David Ferr\u00e9 \nOperator: Xavi Fort \nAssistant: Xavi Guillem\nOperator: Liam Dalmau\n\nCast:\nElijah Dallen (young Boy)\nRayden Hardy (baby)\n\nPUB EXTRAS:\nPeter James Coe\nPeter John Mclnerney\nPhilip Lowrey\nDavid Eakens\nJason Newell\nStuart Boucher\nRichard Lavender\nStuart Whelan\nPamela Cook\nNatalie Pile\nPaul Adams (Landlord)", "categoryId": "10", "thumbnails": {"high": {"url": "https://i.ytimg.com/vi/papuvlVeZg8/hqdefault.jpg", "width": 480, "height": 360}, "maxres": {"url": "https://i.ytimg.com/vi/papuvlVeZg8/maxresdefault.jpg", "width": 1280, "height": 720}, "medium": {"url": "https://i.ytimg.com/vi/papuvlVeZg8/mqdefault.jpg", "width": 320, "height": 180}, "standard": {"url": "https://i.ytimg.com/vi/papuvlVeZg8/sddefault.jpg", "width": 640, "height": 480}, "default": {"url": "https://i.ytimg.com/vi/papuvlVeZg8/default.jpg", "width": 120, "height": 90}}, "localized": {"title": "Clean Bandit - Rockabye ft. Sean Paul & Anne-Marie [Official Video]", "description": "Download or stream now at: https://lnk.to/Rockabye\n\nHere is the official video for our new single 'Rockabye' featuring Sean Paul & Anne-Marie - out now.\n\nClick here to subscribe: http://bit.ly/SubscribeToCleanBandit\n\nFollow us:\nWebsite: http://cleanbandit.co.uk/\nFacebook: http://www.facebook.com/cleanbandit \nTwitter: http://www.twitter.com/cleanbandit \nInstagram: http://instagram.com/cleanbandit\nSoundcloud: http://www.soundcloud.com/cleanbandit\nSpotify: http://www.atlre.co.uk/CleanBanditSpotify\n\nDIRECTOR: Grace Chatto\nDIRECTOR: Jack Patterson\nCOMMISSIONER: Dan Curwin\nEXECUTIVE PRODUCER: Claire Stubbs\nPRODUCER: Amber Millington\nPRODUCTION MANAGER: Lucy Rogers\nPRODUCTION ASSISTANT: Theo Cassels\nPRODUCTION RUNNERS: Tabby O\u2019 Neil/Joe Browne/Martine Skogsta\n\nDOP: Anna Patarakina\nDOP: Darya Geller\n1st AC: Thomas Nicholson\n2nd AC: William Gardner\n2nd AC: Chris Rogers\n1st AD: Ezra Sumner\n2nd AD: Sam Breslin\nDATA WRANGLER (DIT): Chris Day\nCAMERA CAR: Nick Rogers\nSTEADICAM: Josh Brooks\nGAFFER: Rik Burnell\nELECTRICIANS:\nVincent Edwards\nRyan Monteith\nMark Stuart\nART DIRECTOR: Maz Staruch\nART DIRECTORS ASSISTANT: Hannah Sharp\nSTYLIST (Clean Bandit): Aimee Croysdill\nSTYLING ASSISTANT (Clean Bandit): Sophie Shapland\nMAKE UP ARTIST (Clean Bandit): Lucy Pearson\nMUA (CLEAN BANDIT): Elaine Lynskey\nHAIR (Clean Bandit): Narad Kutowaroo\nHAIR ASSISTANT: Michelle Burke\nSTYLIST (Sean Paul & Extras): Jaime Jarvis\nMAKE UP (Extras & Cast): Kaleigh O'Donovan\nSTYLIST (Anne Marie): Jeanie Annan-lewin\nHAIR (Anne Marie): Cinta\nMAKE UP ARTIST (Anne Marie): Maria Asadi\n\nEdit: Final Cut London\nEditor: Nikki Porter\nEdit Assistant: Mike Radforth\nEdit Producers: Laura Harris and Frankie Elster\nVFX/Grade: MPC London\nVFX Team: Danit Klibansky/Byron Woofinden/Bevis Jones\n\nColourist: Eva Pomposo\nVFX Producer: Edwin Elkington\n\nDancers:\nSiriana Mecca (trainer)\nRita Maria Conte (dancer)\nNife agunbiade\nAlicja Blachut\nJoanne Elizz\n\nPRODUCTION: SPAIN\n\nProducer Sur Film: Laura M. Diez \nProduction Manager: Eduard Rabasco \nLocation Manager: Leila Cherifi \nUK crew Driver: Agus Fracarossi \nSpanish Crew Driver: Fabian Kr\u00e4mer \nBand & stylist Driver: Sergi Suarez \nFocus Puller: Antonio Urquijo \nDATA: Pablo de Val \nCamera Truck Driver: Joaquin Calles\nMake Up: Alba Pesas\nPilot: David Ferr\u00e9 \nOperator: Xavi Fort \nAssistant: Xavi Guillem\nOperator: Liam Dalmau\n\nCast:\nElijah Dallen (young Boy)\nRayden Hardy (baby)\n\nPUB EXTRAS:\nPeter James Coe\nPeter John Mclnerney\nPhilip Lowrey\nDavid Eakens\nJason Newell\nStuart Boucher\nRichard Lavender\nStuart Whelan\nPamela Cook\nNatalie Pile\nPaul Adams (Landlord)"}, "tags": ["Clean Bandit", "Rockabye", "Sean Paul", "Anne-Marie", "Tears", "Louisa Johnson", "Rather Be", "Jess Glynne", "Stronger", "Real Love", "Extraordinary", "Mozart's House", "Come Over", "X factor", "Rudimental", "BBC Radio 1", "Sia", "Cheap Thrills", "Live Lounge", "Rockabye baby", "Alarm"], "title": "Clean Bandit - Rockabye ft. Sean Paul & Anne-Marie [Official Video]", "channelId": "UCvhQPdeTHzIRneScV8MIocg", "channelTitle": "Clean Bandit", "publishedAt": "2016-10-21T11:30:36.000Z"}, "kind": "youtube#video", "id": "papuvlVeZg8"}]