[{"kind": "youtube#video", "etag": "\"sZ5p5Mo8dPpfIzLYQBF8QIQJym0/733z3zg2BzlKOf63CmaB6eh0DqM\"", "id": "vn-6fiVkAcA", "statistics": {"favoriteCount": "0", "commentCount": "1739", "viewCount": "1414967", "dislikeCount": "551", "likeCount": "33713"}, "snippet": {"publishedAt": "2016-09-30T16:00:26.000Z", "channelTitle": "BastilleVEVO", "categoryId": "10", "description": "\u201cWILD WORLD\u201d is OUT NOW! | Listen and share on Spotify http://po.st/WWsP | Listen and share on Apple Music http://po.st/WWaPP | Download on iTunes http://po.st/WWiT\n\nSay hi to the Bastille Facebook Messenger Bot here for more information on new music from Bastille:http://po.st/BASTILLEBOT\n\nJoin Bastille online:\nhttps://www.facebook.com/bastilleuk\nhttps://twitter.com/bastilledan\nhttp://bastilleuk.tumblr.com/\nhttp://instagram.com/bastilledan/\nhttp://soundcloud.com/bastilleuk\n\nhttp://vevo.ly/DYymoz", "localized": {"title": "Bastille - Send Them Off!", "description": "\u201cWILD WORLD\u201d is OUT NOW! | Listen and share on Spotify http://po.st/WWsP | Listen and share on Apple Music http://po.st/WWaPP | Download on iTunes http://po.st/WWiT\n\nSay hi to the Bastille Facebook Messenger Bot here for more information on new music from Bastille:http://po.st/BASTILLEBOT\n\nJoin Bastille online:\nhttps://www.facebook.com/bastilleuk\nhttps://twitter.com/bastilledan\nhttp://bastilleuk.tumblr.com/\nhttp://instagram.com/bastilledan/\nhttp://soundcloud.com/bastilleuk\n\nhttp://vevo.ly/DYymoz"}, "thumbnails": {"default": {"width": 120, "height": 90, "url": "https://i.ytimg.com/vi/vn-6fiVkAcA/default.jpg"}, "standard": {"width": 640, "height": 480, "url": "https://i.ytimg.com/vi/vn-6fiVkAcA/sddefault.jpg"}, "medium": {"width": 320, "height": 180, "url": "https://i.ytimg.com/vi/vn-6fiVkAcA/mqdefault.jpg"}, "maxres": {"width": 1280, "height": 720, "url": "https://i.ytimg.com/vi/vn-6fiVkAcA/maxresdefault.jpg"}, "high": {"width": 480, "height": 360, "url": "https://i.ytimg.com/vi/vn-6fiVkAcA/hqdefault.jpg"}}, "channelId": "UCA3nrVC6HlfDs414V_SYlbQ", "title": "Bastille - Send Them Off!", "tags": ["Bastille", "Send", "Them", "Off!", "Virgin", "Alternative"], "liveBroadcastContent": "none"}}, {"kind": "youtube#video", "etag": "\"sZ5p5Mo8dPpfIzLYQBF8QIQJym0/kEEAF6wVG3_V6jxrvQRQfVrxQj4\"", "id": "MDRdikMNwi8", "statistics": {"favoriteCount": "0", "commentCount": "450", "viewCount": "285346", "dislikeCount": "23", "likeCount": "4014"}, "snippet": {"publishedAt": "2016-04-28T16:14:12.000Z", "channelTitle": "Youngr", "categoryId": "10", "description": "'Out Of My System' filmed at The Shell in Hackney.\n\nStream on Spotify: http://sptfy.com/1ksF\n\nPerformed and produced by Youngr using: \nAbleton Live, Roland SPDS-X, Roland A-800 Pro, Korg Pad Control, Akai APC 40 MK2, Novation pad Kontrol, Roland JD-Xi, Roland Vdrum Pads, Yamaha Club Custom Drum Kit, 14\" Slingerland Snare Drum, Sabian HHX Legacy 21\" ride, Sabian HHX Evolution 18\" crash, Sabian 10\" Chopper, Sabian HHX 14\" Hi Hats, Vic Firth 5a's, Fender Squire Guitar, Gretsch bass. \n\n\n\nYoungr\nhttps://facebook.com/youngrofficial\nhttps://twitter.com/youngr_music\nhttps://soundcloud.com/youngr_music\nhttps://instagram.com/youngr_music\nhttps://open.spotify.com/artist/5TrkbV9x6OdTBlzWPJeBz5", "localized": {"title": "Youngr - Out Of My System", "description": "'Out Of My System' filmed at The Shell in Hackney.\n\nStream on Spotify: http://sptfy.com/1ksF\n\nPerformed and produced by Youngr using: \nAbleton Live, Roland SPDS-X, Roland A-800 Pro, Korg Pad Control, Akai APC 40 MK2, Novation pad Kontrol, Roland JD-Xi, Roland Vdrum Pads, Yamaha Club Custom Drum Kit, 14\" Slingerland Snare Drum, Sabian HHX Legacy 21\" ride, Sabian HHX Evolution 18\" crash, Sabian 10\" Chopper, Sabian HHX 14\" Hi Hats, Vic Firth 5a's, Fender Squire Guitar, Gretsch bass. \n\n\n\nYoungr\nhttps://facebook.com/youngrofficial\nhttps://twitter.com/youngr_music\nhttps://soundcloud.com/youngr_music\nhttps://instagram.com/youngr_music\nhttps://open.spotify.com/artist/5TrkbV9x6OdTBlzWPJeBz5"}, "thumbnails": {"default": {"width": 120, "height": 90, "url": "https://i.ytimg.com/vi/MDRdikMNwi8/default.jpg"}, "standard": {"width": 640, "height": 480, "url": "https://i.ytimg.com/vi/MDRdikMNwi8/sddefault.jpg"}, "medium": {"width": 320, "height": 180, "url": "https://i.ytimg.com/vi/MDRdikMNwi8/mqdefault.jpg"}, "maxres": {"width": 1280, "height": 720, "url": "https://i.ytimg.com/vi/MDRdikMNwi8/maxresdefault.jpg"}, "high": {"width": 480, "height": 360, "url": "https://i.ytimg.com/vi/MDRdikMNwi8/hqdefault.jpg"}}, "channelId": "UCZ_Io2cHF-aurYaWTCRUx6Q", "defaultAudioLanguage": "en-GB", "title": "Youngr - Out Of My System", "tags": ["music", "youngroriginals", "boldtendancies", "new video", "new music", "live loop", "onetake", "live", "performance", "flight facilities", "mahogany", "sb.tv", "roland", "sabian", "novation", "original penguin", "out of my system", "bbc introducing", "radio 1", "bbc radio 1"], "liveBroadcastContent": "none"}}]